org_id,PRIORITY,ACTUAL_COMPLETION_HRS,BUSINESS_COMPLETION_HRS
918.0,Low,5966.89,1683.75
1032.0,High,1409.74,1409.74
1237.0,Low,4763.15,1364.16
1342.0,High,1173.5254170324854,1173.5254170324854
1303.0,High,615.0285714285716,615.0285714285716
1083.0,Low,1874.7883333333332,545.9033333333334
978.0,High,481.51866666666666,481.51866666666666
1085.0,Medium,1648.0949999999998,471.575
1260.0,Medium,1486.845,423.85
948.0,Medium,1482.2,416.27
1017.0,High,358.84,358.84
1085.0,Low,1258.2375000000002,354.93250000000006
910.0,High,300.8646250000001,300.8646250000001
1325.0,High,258.3383333333333,258.3383333333333
1273.0,Low,895.2754354354354,256.013843843844
1030.0,Medium,869.0585714285713,246.7571428571429
1043.0,High,241.80833333333334,241.80833333333334
1068.0,High,234.8125,234.8125
978.0,Low,788.6414598540134,225.65087591240865
1017.0,Medium,780.337878787879,221.61878787878786
1040.0,Medium,739.5263309352522,210.7359712230217
1228.0,Medium,738.2511666666667,210.33783333333324
1182.0,Medium,731.284,209.68800000000002
1273.0,Medium,733.1358431372552,208.86443137254912
15833.0,Medium,710.6150000000002,201.77611111111113
835.0,Low,705.0735518394656,200.23227424749132
1753.0,High,194.63,194.63
1213.0,High,188.8210958904109,188.8210958904109
1273.0,High,184.30260869565217,184.30260869565217
912.0,Medium,644.7994444444444,182.32833333333343
1303.0,Low,639.3732786885246,182.2494262295083
1053.0,Medium,631.1183082706772,179.04488721804506
1325.0,Low,621.5189784946241,176.84139784946234
1753.0,Low,622.0554761904763,175.67571428571432
1753.0,Medium,618.7219512195123,173.77317073170732
912.0,Low,612.6963333333332,173.63544444444446
1297.0,Medium,609.3694475138125,172.75629834254153
1057.0,High,170.48343750000004,170.48343750000004
1087.0,Low,590.3370807453415,168.4616149068323
1040.0,Low,591.1111038961038,168.28055194805196
978.0,Medium,584.1462499999997,166.8929166666668
1057.0,Low,571.3663331138898,162.56105990783394
1303.0,Medium,566.8495238095239,162.40349206349205
877.0,Low,568.8874045801524,161.12652671755734
1297.0,Low,565.4317435897435,160.80282051282052
910.0,Medium,553.1534848484852,157.7963085399448
930.0,Medium,558.73,155.02
1377.0,Medium,540.6614150943399,154.13122641509432
1377.0,High,153.23250000000002,153.23250000000002
992.0,Low,526.5928251121076,149.41015695067256
992.0,Medium,522.5366210045664,148.59283105022834
1247.0,Medium,501.35749999999996,143.30937500000002
877.0,Medium,484.3396949152543,138.34725423728813
1067.0,Low,485.4950434782609,138.05095652173912
1247.0,High,137.02,137.02
1042.0,Low,477.7926111111112,135.656573333333
1053.0,High,135.5881818181818,135.5881818181818
1048.0,High,135.3940350877193,135.3940350877193
1038.0,Low,468.05264873675526,132.90790546047265
1123.0,Medium,463.2277818181821,132.74534545454534
1050.0,Low,464.2382166301973,132.2362144420132
1068.0,Low,459.4389705882354,129.83544117647062
1377.0,Low,453.2529464285717,129.05473214285718
1272.0,Low,449.57581681476444,127.97224880382747
910.0,Low,444.30555896805845,126.15677518427519
942.0,Low,424.1859623849551,120.64023209283711
1055.0,High,120.27882352941177,120.27882352941177
1243.0,High,118.45,118.45
1048.0,Low,415.1730622204143,117.28862952419674
1213.0,Low,414.264285714286,117.14683673469405
1043.0,Medium,403.2827950310558,114.49111801242248
1050.0,Medium,402.81063977746857,114.38987482614742
1043.0,Low,399.58569620253184,113.75235443037963
1060.0,Medium,397.47343163538875,113.37761394101872
1123.0,Low,394.61339933993384,112.13925742574263
1040.0,High,111.61538461538461,111.61538461538461
1037.0,High,111.40162790697673,111.40162790697673
1213.0,Medium,389.06473400673434,111.1492053872053
17498.0,Low,396.4886458333333,111.04197916666669
1202.0,Medium,372.0628571428571,108.95285714285714
1050.0,High,108.91681818181819,108.91681818181819
835.0,Medium,380.8484009269991,108.6621205098493
912.0,High,107.565,107.565
1328.0,Medium,386.445,107.44
1057.0,Medium,375.1456466610314,106.12313609467468
1042.0,Medium,365.4208676405485,104.22632138114213
1272.0,Medium,364.978729338843,104.01996900826447
1183.0,Low,361.48,101.47999999999999
1065.0,Low,356.8399173290933,100.90641653418115
1237.0,Medium,371.24,100.78
1048.0,Medium,356.5363766145481,100.33398368456838
1165.0,Low,356.75644067796605,100.12627118644075
1067.0,Medium,357.45969696969695,98.95939393939396
17498.0,Medium,343.53111111111116,98.21666666666665
1068.0,Medium,341.32397058823545,97.64786764705886
1038.0,Medium,333.49553264604816,94.90898625429556
1017.0,Low,327.60615384615386,93.20346153846153
15833.0,High,92.14666666666666,92.14666666666666
1030.0,Low,318.44,92.05000000000001
1087.0,Medium,327.34553398058245,91.98611650485438
835.0,High,91.78769230769231,91.78769230769231
942.0,Medium,318.04808940600054,90.15233312921005
1297.0,High,88.80277777777778,88.80277777777778
1063.0,Low,310.3928238079123,88.14045654379458
1300.0,High,88.08222222222223,88.08222222222223
1062.0,Low,290.110471649482,87.95476116838533
1058.0,Medium,308.3233181818181,86.92700000000002
1300.0,Medium,304.9606844106465,86.46908745247144
1055.0,Medium,302.58208365608056,85.45553059643687
1053.0,Low,300.42863333333355,84.90824666666657
1063.0,Medium,300.87494492044095,84.65886168910646
853.0,Low,299.2345539906101,84.44112676056338
1243.0,Low,302.56000000000006,84.345
1062.0,High,84.16219178082193,84.16219178082193
1123.0,High,83.04142857142858,83.04142857142858
1058.0,Low,290.18493253373316,82.25397301349322
1325.0,Medium,285.6053086419753,81.48382716049382
1060.0,Low,287.6198124581378,81.3627193569993
942.0,High,80.89894736842106,80.89894736842106
1045.0,Low,280.866237428946,79.00423480542202
1065.0,High,78.79368932038834,78.79368932038834
1062.0,Medium,153.53457646718735,77.66693263949108
15833.0,Low,280.38307692307694,77.06653846153846
1058.0,High,77.061875,77.061875
1228.0,Low,266.0771844660194,74.75087378640781
1087.0,High,73.90333333333332,73.90333333333332
867.0,Medium,246.42,73.62
1272.0,High,72.07525000000001,72.07525000000001
1055.0,Low,258.59930538429876,71.79642827784642
1342.0,Medium,247.9094646752825,69.95103484924736
1032.0,Medium,239.17499999999998,69.175
1300.0,Low,243.62405900305177,68.29735503560534
1063.0,High,68.23936170212767,68.23936170212767
1028.0,High,66.649068627451,66.649068627451
1247.0,Low,236.82785714285714,65.80642857142857
1260.0,Low,211.31,65.305
1060.0,High,64.5969696969697,64.5969696969697
853.0,Medium,225.48199999999994,64.43944444444446
853.0,High,63.035625,63.035625
1042.0,High,62.899607843137254,62.899607843137254
1037.0,Low,225.01135434412242,61.8702214650766
1037.0,Medium,225.70902335456475,61.64681528662424
1165.0,Medium,215.73999999999992,61.408055555555556
1047.0,High,59.183664974619326,59.183664974619326
1028.0,Low,212.4766994961051,58.865688273019
1045.0,Medium,205.16286521388258,57.82581920903957
1342.0,Low,196.39117607275566,55.39849538149374
1047.0,Low,187.03626126750586,52.75314565709793
1038.0,High,50.630630630630634,50.630630630630634
17498.0,High,48.37,48.37
1205.0,Low,166.97,44.63833333333334
1337.0,Low,156.87,44.43333333333333
1355.0,High,43.962,43.962
1047.0,Medium,156.03124418028665,43.72414858840987
992.0,High,43.35333333333334,43.35333333333334
1355.0,Medium,139.43475201845416,39.18732410611299
1028.0,Medium,144.54572800808893,39.13362487360987
1165.0,High,39.108000000000004,39.108000000000004
1355.0,Low,136.88739077669908,36.72352548543685
1233.0,Medium,137.035,36.22
1045.0,High,36.00173553719007,36.00173553719007
1067.0,High,31.715000000000003,31.715000000000003
1243.0,Medium,103.32666666666667,30.39916666666667
1032.0,Low,109.36666666666666,30.245000000000005
1228.0,High,29.06,29.06
1202.0,Low,90.755,27.08666666666667
1065.0,Medium,97.27542207792207,27.06349837662338
877.0,High,25.235555555555557,25.235555555555557
952.0,Medium,86.68333333333334,22.423333333333332
1328.0,Low,71.985,19.985
1182.0,Low,47.95,19.95
1083.0,Medium,45.935,18.225
1732.0,High,14.65,14.65
988.0,Medium,44.55,11.32
1337.0,Medium,20.96,6.95
918.0,Medium,2.69,2.68
1202.0,High,2.21,2.21
1732.0,Low,15.31,1.75
837.0,Medium,0.78,0.77
988.0,Low,0.26,0.25
1232.0,Medium,10.06,0.0
1248.0,Medium,,
